Iteration,Layer,Index,Bit
0,conv2[0],26225,2
1,conv4[0],468106,1
2,conv2[0],571858,0
3,fc2,1066449,0
4,conv2[0],229258,1
5,conv1[0],9195,1
6,fc2,7396759,3
7,conv5[0],848749,0
8,conv3[0],732052,3
9,fc1,18647630,1
10,conv4[0],705889,0
11,conv2[0],398382,0
12,fc1,23082477,4
13,conv5[0],846335,0
14,fc3,35142,0
15,fc2,2644095,4
16,conv5[0],869693,4
17,fc1,12904268,0
18,conv1[0],10834,1
19,conv5[0],83667,1
20,conv2[0],398591,2
21,fc3,23909,1
22,fc1,23841813,1
23,conv5[0],735911,0
24,conv3[0],560086,1
25,conv3[0],484714,3
26,conv5[0],671088,4
27,conv4[0],680070,0
28,conv4[0],67319,2
29,fc2,8983893,0
30,conv4[0],1189462,2
31,conv4[0],1046963,3
32,fc3,9363,2
33,conv3[0],258607,4
34,conv5[0],783300,4
35,fc2,13401657,2
36,conv4[0],290102,4
37,fc3,5957,0
38,conv2[0],160265,1
39,fc2,2131636,3
40,fc2,15705148,4
41,conv5[0],580099,0
42,conv2[0],563054,2
43,fc1,7486139,2
44,fc2,5306893,3
45,conv1[0],4315,4
46,conv3[0],532342,0
47,conv5[0],882554,4
48,conv4[0],320527,2
49,conv3[0],565579,4
50,conv1[0],9813,2
51,fc3,1276,0
52,fc1,20636923,1
53,conv1[0],3946,4
54,conv2[0],89814,3
55,conv2[0],558582,1
56,conv3[0],691798,3
57,conv3[0],277932,4
58,fc2,7106768,4
59,conv4[0],653716,3
60,fc1,29400398,4
61,fc3,7930,1
62,conv4[0],134272,2
63,conv1[0],9638,4
64,conv4[0],1234048,1
65,conv1[0],1163,0
66,conv4[0],141348,0
67,fc1,4755156,4
68,conv4[0],584009,3
69,conv4[0],1130855,1
70,fc3,15925,3
71,fc2,6389096,0
72,conv2[0],451989,2
73,fc2,13794303,3
74,conv1[0],11032,0
75,conv1[0],6596,2
76,conv2[0],260735,1
77,conv4[0],1124672,3
78,conv3[0],442374,1
79,conv5[0],485100,1
80,conv2[0],464656,4
81,conv2[0],53045,4
82,conv1[0],1528,1
83,conv3[0],426156,3
84,fc3,14008,3
85,conv1[0],2697,3
86,conv1[0],6396,2
87,fc3,18694,3
88,fc3,10144,1
89,conv5[0],228275,0
90,conv1[0],5138,0
91,conv1[0],9571,3
92,conv3[0],59642,4
93,conv2[0],194851,0
94,conv2[0],246629,3
95,conv2[0],597347,1
96,conv1[0],10147,0
97,fc2,10615610,2
98,conv4[0],658891,1
99,conv5[0],415011,1
100,conv5[0],479434,2
101,conv2[0],9767,3
102,conv2[0],76819,4
103,conv4[0],1060917,2
104,conv3[0],365962,0
105,conv4[0],774954,2
106,conv3[0],459469,4
107,conv5[0],641390,4
108,conv1[0],10942,4
109,conv5[0],695613,0
110,conv3[0],277312,0
111,conv2[0],580097,1
112,conv5[0],295442,4
113,conv4[0],719072,1
114,conv5[0],529959,3
115,conv5[0],53266,0
116,fc2,9283847,0
117,conv1[0],5464,1
118,conv5[0],169430,3
119,fc2,324461,0
120,conv2[0],156294,4
121,conv1[0],6049,4
122,conv3[0],450664,1
123,conv1[0],5050,2
124,conv1[0],5862,1
125,conv4[0],215573,2
126,fc2,5185949,1
127,conv3[0],838742,1
128,fc2,831692,1
129,fc1,27629602,1
130,conv5[0],166931,0
131,fc2,1299382,3
132,conv4[0],418534,3
133,fc1,20481012,1
134,conv4[0],49627,1
135,fc2,11014643,2
136,conv2[0],292683,2
137,fc2,11111545,0
138,conv2[0],273903,1
139,conv5[0],40115,0
140,fc2,11599334,2
141,fc2,3880428,3
142,conv4[0],534191,0
143,fc2,56749,4
144,conv4[0],763827,3
145,conv2[0],346239,4
146,fc1,8363463,2
147,conv5[0],699287,3
148,fc1,27004632,2
149,conv3[0],201158,3
150,fc2,5839388,4
151,conv5[0],425800,4
152,conv1[0],4978,2
153,conv4[0],901540,4
154,fc1,31204829,3
155,fc3,14005,4
156,fc3,11120,0
157,conv5[0],540490,4
158,fc1,6267108,1
159,conv5[0],235552,1
160,conv3[0],25611,0
161,conv4[0],996433,4
162,conv2[0],477538,3
163,conv4[0],805261,3
164,fc2,8186759,1
165,conv1[0],1746,3
166,conv4[0],368861,4
167,fc3,3291,4
168,conv4[0],254507,3
169,conv3[0],840346,3
170,fc1,29700599,4
171,fc2,14962377,1
172,fc3,29495,2
173,conv4[0],581564,4
174,fc3,15679,2
175,fc3,5077,2
176,conv4[0],569827,2
177,fc1,36249002,0
178,conv3[0],158157,1
179,fc2,5127293,1
180,conv2[0],435020,3
181,fc1,36414017,3
182,fc2,2089290,1
183,fc2,13068673,4
184,conv1[0],9432,3
185,fc3,386,2
186,conv5[0],790075,3
187,fc2,7400050,3
188,conv4[0],572386,3
189,fc3,1902,3
190,fc1,27133232,1
191,fc3,8364,4
192,conv1[0],6455,4
193,conv1[0],1375,3
194,conv3[0],484125,1
195,conv1[0],4262,3
196,fc1,14204281,3
197,fc1,22649278,3
198,conv5[0],788539,3
199,conv5[0],875467,0
200,fc3,1270,4
201,conv1[0],5733,1
202,conv2[0],42213,0
203,conv4[0],418089,0
204,conv3[0],250132,1
205,fc3,7496,4
206,conv4[0],975246,2
207,fc1,11260138,4
208,conv2[0],171720,2
209,conv2[0],606794,0
210,conv5[0],603766,3
211,fc2,6654843,0
212,conv4[0],213702,2
213,conv2[0],593423,0
214,fc1,35751928,3
215,fc1,4627608,4
216,fc1,849071,3
217,fc3,6916,3
218,fc1,30852585,1
219,fc2,5910175,4
220,conv5[0],645830,4
221,fc3,30465,3
222,conv5[0],337960,1
223,conv2[0],292477,3
224,conv4[0],974564,4
225,fc2,11287597,0
226,fc3,21300,1
227,fc3,13901,2
228,conv5[0],356871,2
229,conv5[0],582789,0
230,conv4[0],179543,1
231,fc2,16393952,4
232,conv4[0],998439,3
233,fc3,1130,0
234,conv5[0],232360,3
235,conv4[0],642160,4
236,fc1,31759973,4
237,fc1,28555077,4
238,fc1,23609604,3
239,conv5[0],321517,2
240,conv4[0],253033,1
241,fc1,8023182,4
242,conv3[0],200845,1
243,fc3,18120,4
244,conv5[0],105409,1
245,conv5[0],238533,2
246,conv3[0],316950,0
247,conv3[0],287636,0
248,conv1[0],9066,2
249,conv3[0],668854,3
250,conv2[0],12861,4
251,conv5[0],492198,3
252,fc3,22328,1
253,conv1[0],4136,3
254,conv2[0],68517,3
255,fc3,4855,4
256,conv1[0],2485,1
257,conv5[0],89318,1
258,conv2[0],585181,3
259,conv4[0],1095914,3
260,fc3,29014,2
261,fc2,10246860,4
262,conv1[0],9988,0
263,conv4[0],1311800,1
264,conv5[0],692509,0
265,conv3[0],251516,1
266,conv2[0],164136,0
267,fc2,15116395,4
268,fc3,19087,0
269,conv4[0],604199,2
270,fc3,4664,1
271,conv5[0],826097,4
272,conv4[0],891581,0
273,conv4[0],312453,2
274,conv3[0],74878,0
275,conv3[0],831131,2
276,conv5[0],460485,0
277,fc3,19928,3
278,conv5[0],524783,4
279,fc3,28688,0
280,conv1[0],7078,2
281,conv5[0],27121,0
282,conv4[0],1206279,4
283,conv1[0],11014,2
284,conv1[0],2870,3
285,fc3,18229,1
286,fc2,16499579,0
287,fc3,22803,3
288,fc1,21545854,0
289,conv3[0],345824,3
290,fc3,18888,3
291,conv1[0],7451,0
292,fc1,16938200,2
293,conv2[0],423808,4
294,conv1[0],10775,4
295,fc3,27082,0
296,conv4[0],1087246,2
297,fc3,28969,0
298,conv4[0],560057,4
299,conv3[0],302020,3
300,fc3,7957,0
301,conv4[0],332143,2
302,conv1[0],9048,3
303,conv2[0],235615,0
304,fc3,7698,1
305,fc3,19127,4
306,conv5[0],435673,3
307,fc3,15973,3
308,conv3[0],402219,1
309,conv3[0],73201,2
310,fc2,11404320,4
311,conv5[0],860408,0
312,conv5[0],761319,2
313,fc3,9738,3
314,fc3,22618,2
315,fc2,15278829,2
316,conv4[0],500811,4
317,fc2,7837055,3
318,conv1[0],5213,3
319,fc2,12954653,1
320,fc3,2426,1
321,fc1,6735354,3
322,conv2[0],551499,3
323,conv1[0],2361,3
324,conv3[0],78463,3
325,conv5[0],355007,4
326,fc2,2694934,2
327,fc2,10625385,3
328,conv1[0],10116,0
329,conv4[0],1323640,2
330,conv4[0],189539,3
331,conv2[0],105389,3
332,conv3[0],727712,2
333,conv1[0],753,2
334,conv1[0],4806,2
335,fc1,28902901,1
336,conv4[0],1113936,3
337,conv3[0],178240,1
338,conv2[0],401126,4
339,conv4[0],1043683,4
340,conv3[0],243467,3
341,conv5[0],481894,2
342,conv1[0],7622,2
343,conv3[0],77449,3
344,fc1,20075901,3
345,conv5[0],479027,2
346,conv4[0],806760,3
347,conv2[0],248728,3
348,fc1,19855659,2
349,conv1[0],10784,3
350,conv5[0],8491,4
351,conv1[0],9935,3
352,conv5[0],813423,1
353,fc1,14697145,1
354,conv5[0],710687,1
355,conv2[0],41337,2
356,fc3,2186,4
357,fc1,8818897,0
358,conv5[0],342589,3
359,conv3[0],210548,1
360,fc1,35624899,4
361,conv5[0],870813,1
362,conv5[0],864749,3
363,conv5[0],782824,2
364,conv2[0],491081,0
365,conv3[0],790785,1
366,fc2,12273374,0
367,fc2,467032,2
368,conv2[0],476877,2
369,conv5[0],612955,3
370,fc1,7270983,1
371,fc3,1640,4
372,fc1,14855701,0
373,fc3,19804,3
374,conv2[0],146566,0
375,conv1[0],4986,3
376,conv2[0],101913,1
377,conv3[0],407524,3
378,fc1,36251704,3
379,conv3[0],435037,0
380,fc3,40347,3
381,conv5[0],34305,2
382,conv4[0],929841,3
383,conv4[0],760607,0
384,fc1,36538485,2
385,conv1[0],6523,2
386,conv4[0],256187,3
387,conv2[0],222409,4
388,conv1[0],828,2
389,conv4[0],264081,4
390,conv4[0],143885,4
391,conv4[0],1229734,1
392,conv4[0],689039,1
393,conv1[0],4542,1
394,conv3[0],566456,2
395,conv3[0],115266,0
396,conv3[0],15582,2
397,conv4[0],1234914,2
398,conv1[0],2854,2
399,conv1[0],2076,3
400,conv2[0],66645,3
401,fc3,23726,4
402,conv2[0],473962,4
403,conv4[0],1289972,0
404,conv5[0],480292,0
405,conv1[0],7847,3
406,fc2,3622597,3
407,fc3,4816,0
408,fc1,9954514,0
409,conv3[0],288375,4
410,fc1,25562061,4
411,conv5[0],475755,4
412,fc2,3327876,0
413,conv4[0],901922,3
414,conv4[0],867829,2
415,fc3,26131,3
416,conv2[0],327730,3
417,fc1,17105364,2
418,conv3[0],720184,3
419,conv2[0],95656,0
420,conv2[0],452855,0
421,fc1,8731900,4
422,conv1[0],9608,4
423,fc1,8202802,3
424,fc1,28382811,0
425,conv5[0],629575,2
426,fc1,6952516,4
427,conv4[0],324492,3
428,conv4[0],226950,2
429,fc1,7709822,2
430,conv4[0],899913,4
431,conv1[0],9977,2
432,conv1[0],2955,2
433,conv5[0],356331,2
434,conv1[0],2972,1
435,fc2,2334899,1
436,conv1[0],1503,4
437,conv4[0],788936,3
438,fc3,22340,1
439,fc1,20913629,2
440,conv2[0],55164,1
441,conv3[0],791083,4
442,conv1[0],11042,0
443,conv5[0],464637,3
444,fc3,39785,3
445,fc2,9165958,1
446,conv2[0],361939,3
447,conv2[0],297005,4
448,fc3,34533,2
449,conv1[0],3612,3
450,conv1[0],125,1
451,conv5[0],221494,1
452,conv5[0],303507,2
453,conv2[0],8105,3
454,fc2,5895339,1
455,fc2,7721234,4
456,fc1,4836904,3
457,conv1[0],7147,0
458,fc3,5102,2
459,fc2,13570180,3
460,conv5[0],120768,3
461,conv1[0],5321,1
462,fc3,23714,0
463,fc2,3552177,1
464,fc2,13436866,4
465,conv2[0],414991,2
466,fc1,14869449,2
467,conv3[0],80089,4
468,conv2[0],556379,4
469,conv4[0],732693,2
470,conv3[0],247745,0
471,conv3[0],268402,1
472,conv3[0],631661,1
473,conv2[0],185751,3
474,fc3,36944,4
475,fc3,36994,4
476,fc1,21215722,1
477,fc3,4475,3
478,fc3,19845,2
479,conv1[0],5766,4
480,conv2[0],325486,3
481,fc3,2464,0
482,fc1,19265413,0
483,conv2[0],531699,3
484,fc3,38032,4
485,conv1[0],7368,4
486,conv4[0],674290,4
487,fc3,32857,1
488,conv1[0],7381,0
489,fc1,5659232,4
490,conv3[0],41043,1
491,fc3,28797,4
492,conv3[0],381574,2
493,conv5[0],406235,3
494,fc1,3514190,2
495,conv2[0],345705,0
496,fc2,9534390,2
497,conv3[0],349555,0
498,conv3[0],366813,2
499,fc2,4326899,4
500,conv2[0],324620,4
501,fc2,11021844,1
502,conv2[0],443973,4
503,fc1,1223430,2
504,conv5[0],189019,1
505,fc1,32633089,1
506,conv4[0],288495,1
507,conv2[0],310160,0
508,conv1[0],10845,2
509,conv3[0],626258,3
510,conv3[0],170128,1
511,conv3[0],756215,3
512,conv1[0],6731,2
513,conv4[0],931552,4
514,conv5[0],788939,3
515,conv4[0],1119902,1
516,conv5[0],847903,3
517,conv4[0],771418,4
518,fc3,30256,2
519,fc2,14047926,1
520,conv4[0],1268071,1
521,conv5[0],54714,3
522,fc1,37214599,0
523,conv2[0],298910,0
524,conv3[0],286042,3
525,conv3[0],871415,3
526,conv2[0],232823,3
527,fc1,1789806,3
528,conv1[0],6495,4
529,fc1,15822798,3
530,conv2[0],393124,1
531,conv1[0],5221,0
532,fc1,9801203,1
533,conv1[0],4700,3
534,conv3[0],795702,3
535,fc3,40327,0
536,conv2[0],19927,2
537,conv4[0],313565,4
538,fc2,3730811,2
539,conv4[0],631559,0
540,conv1[0],3906,3
541,fc3,4116,0
542,fc3,39107,4
543,conv1[0],10353,4
544,conv4[0],301102,2
545,fc2,52490,4
546,fc1,16143992,4
547,fc2,6285211,0
548,fc1,4541882,4
549,conv1[0],6397,3
550,conv1[0],10414,3
551,fc1,17022180,0
552,fc1,4533845,2
553,conv4[0],1317550,0
554,fc1,8952966,0
555,fc1,36642362,2
556,conv3[0],870720,3
557,fc3,11945,1
558,conv2[0],479911,0
559,conv5[0],211383,0
560,conv4[0],87883,2
561,conv5[0],540418,3
562,fc3,16601,0
563,conv4[0],600018,2
564,conv1[0],10743,2
565,conv5[0],130521,2
566,fc2,13422503,3
567,fc2,11376181,1
568,fc3,32605,2
569,conv5[0],840064,0
570,fc2,2648350,3
571,conv3[0],571971,2
572,fc1,6885229,0
573,fc1,19840061,2
574,fc3,39493,3
575,conv3[0],723270,3
576,fc1,30006363,0
577,fc1,29188363,2
578,conv1[0],1229,3
579,fc1,34432619,1
580,conv1[0],2339,4
581,fc3,2280,1
582,conv2[0],247459,2
583,fc1,25692923,4
584,conv1[0],9913,1
585,fc3,24311,2
586,fc3,5038,4
587,conv3[0],555178,2
588,fc2,10549024,2
589,conv4[0],237918,0
590,conv3[0],523285,4
591,fc2,3951403,2
592,conv5[0],738237,3
593,conv4[0],1283199,2
594,fc3,13118,0
595,conv3[0],77649,3
596,conv3[0],748022,3
597,conv2[0],335112,2
598,conv2[0],576713,4
599,conv5[0],314527,1
600,conv3[0],832250,2
601,conv4[0],254515,1
602,conv3[0],248235,3
603,conv1[0],5912,4
604,fc1,31367074,4
605,conv3[0],641674,0
606,conv2[0],324314,3
607,fc3,34451,3
608,fc2,2474663,1
609,fc1,4977130,3
610,fc3,33905,2
611,conv3[0],869325,4
612,conv3[0],805077,1
613,fc2,1859346,0
614,conv3[0],318897,1
615,conv3[0],338334,1
616,fc1,34822641,2
617,conv2[0],262778,1
618,conv5[0],131250,2
619,conv2[0],526986,1
620,conv3[0],179516,4
621,fc1,2764502,0
622,conv2[0],47670,4
623,conv5[0],682759,1
624,fc2,1016226,3
625,conv5[0],673088,2
626,fc3,16048,3
627,conv5[0],475575,0
628,conv1[0],2589,3
629,fc2,16248771,3
630,conv4[0],713435,4
631,conv3[0],327766,2
632,fc1,26757418,1
633,fc1,34559731,4
634,conv2[0],334617,1
635,fc3,8029,2
636,fc3,16247,1
637,conv2[0],53063,2
638,fc2,14030273,1
639,conv3[0],852993,2
640,fc1,12739550,1
641,fc3,33733,3
642,fc3,20220,3
643,conv1[0],1475,3
644,fc3,15776,1
645,fc1,3265392,0
646,conv5[0],518934,4
647,fc3,18726,4
648,conv1[0],1761,3
649,conv3[0],277319,2
650,fc2,12278820,0
651,fc2,1716567,4
652,conv4[0],760267,4
653,conv5[0],77103,3
654,fc3,36035,2
655,conv2[0],134913,0
656,fc2,12522458,2
657,fc1,9681618,1
658,fc2,1350730,0
659,conv1[0],2245,2
660,fc3,34034,3
661,conv3[0],635710,4
662,conv3[0],343897,4
663,fc1,10905327,3
664,conv5[0],622565,2
665,fc3,36891,2
666,fc3,1090,2
667,fc1,7355439,3
668,conv5[0],835457,0
669,fc3,17401,4
670,conv4[0],107699,4
671,fc3,11174,4
672,fc2,4958529,1
673,conv1[0],9380,0
674,conv4[0],39714,3
675,fc1,28103870,1
676,fc2,6841469,3
677,fc3,4081,1
678,conv4[0],1176264,2
679,fc3,34437,3
680,fc1,11622075,3
681,fc1,36659775,2
682,conv5[0],639711,3
683,conv4[0],516988,2
684,conv5[0],235790,2
685,conv5[0],739142,1
686,fc3,20777,3
687,fc1,37613685,2
688,conv5[0],127794,4
689,fc2,13238312,2
690,conv3[0],304561,0
691,conv5[0],748831,0
692,fc1,29687358,2
693,fc3,14023,1
694,conv5[0],589318,2
695,conv3[0],114532,4
696,conv4[0],508471,0
697,conv4[0],488293,0
698,conv2[0],433377,2
699,fc3,6589,1
700,conv1[0],9016,1
701,fc2,15961831,3
702,conv4[0],602396,2
703,conv5[0],677273,0
704,conv2[0],602022,1
705,conv1[0],2868,3
706,conv3[0],38105,3
707,fc3,12210,2
708,conv1[0],151,2
709,conv2[0],351317,2
710,fc3,35605,4
711,fc3,8794,4
712,fc3,17880,1
713,conv2[0],346747,1
714,fc3,16860,1
715,conv1[0],5523,2
716,conv4[0],368039,4
717,fc2,14351339,4
718,fc1,5820873,3
719,conv2[0],193757,1
720,fc3,21207,1
721,conv1[0],4272,3
722,conv4[0],936872,2
723,fc1,20263242,4
724,conv1[0],4285,2
725,conv4[0],130284,0
726,fc3,20106,1
727,fc2,10434688,0
728,conv5[0],385397,4
729,conv4[0],459545,1
730,fc3,10039,3
731,fc1,27906926,4
732,fc3,35226,1
733,conv4[0],1249513,0
734,fc3,34614,2
735,conv2[0],591573,0
736,conv1[0],8972,4
737,conv4[0],1201042,4
738,conv3[0],172529,2
739,fc3,7617,1
740,fc3,5959,4
741,fc3,3646,3
742,conv3[0],538179,3
743,fc3,36956,0
744,fc3,20196,0
745,fc2,8538167,0
746,conv4[0],1212806,0
747,conv1[0],6941,2
748,conv2[0],567451,0
749,conv2[0],495002,0
750,conv5[0],428728,1
751,conv3[0],803028,3
752,fc1,25667772,3
753,fc2,12604572,0
754,conv3[0],685280,2
755,conv2[0],187143,4
756,fc2,4273059,1
757,conv1[0],372,2
758,fc3,35680,3
759,fc2,7706247,1
760,fc3,22685,1
761,conv5[0],197636,0
762,conv1[0],10816,3
763,conv1[0],3943,1
764,conv2[0],105797,4
765,conv1[0],7314,4
766,conv1[0],4009,0
767,fc2,14729147,1
768,conv4[0],118371,1
769,conv5[0],245536,4
770,fc1,21519471,1
771,conv5[0],150219,4
772,conv4[0],867298,2
773,conv5[0],63918,4
774,conv3[0],656401,3
775,fc3,3072,2
776,fc2,10694953,3
777,fc2,5006912,2
778,fc2,6169954,4
779,fc3,15792,1
780,conv5[0],741948,1
781,fc3,3776,4
782,fc2,13975684,4
783,conv3[0],407286,1
784,conv5[0],213214,2
785,conv2[0],471635,2
786,conv2[0],561654,1
787,conv1[0],4398,3
788,conv1[0],1192,1
789,conv4[0],1005362,1
790,fc1,20346603,0
791,conv4[0],398508,0
792,fc3,15898,4
793,conv4[0],831797,1
794,fc1,18995781,3
795,fc3,34973,2
796,conv5[0],274267,2
797,fc3,30540,0
798,fc3,20986,1
799,fc1,20999841,3
800,conv1[0],9216,1
801,conv3[0],17007,2
802,fc2,9905009,1
803,conv4[0],691777,1
804,fc2,8245331,3
805,fc1,17268906,3
806,fc3,30200,1
807,fc1,11359229,1
808,fc3,12061,4
809,conv1[0],8584,0
810,conv2[0],50871,0
811,fc2,4613450,1
812,conv2[0],158366,0
813,conv4[0],1060598,3
814,fc1,4056738,4
815,fc3,31972,0
816,conv1[0],8719,4
817,fc2,397652,0
818,conv5[0],561762,2
819,conv1[0],8228,3
820,conv3[0],112214,0
821,conv3[0],252674,1
822,conv5[0],854814,2
823,conv5[0],833551,3
824,conv2[0],391172,3
825,fc3,37027,1
826,conv4[0],629092,0
827,conv1[0],1531,3
828,fc2,12655710,4
829,fc3,3677,0
830,conv3[0],86702,3
831,fc2,11115597,4
832,conv2[0],553815,0
833,conv4[0],443373,4
834,fc3,17766,0
835,conv2[0],293992,4
836,conv1[0],2938,2
837,conv1[0],3394,4
838,conv3[0],788795,3
839,conv2[0],313814,1
840,conv4[0],1188447,3
841,fc1,25759483,1
842,conv2[0],525119,2
843,conv1[0],1600,3
844,conv4[0],159421,2
845,fc2,10951383,0
846,conv5[0],821609,3
847,fc3,14951,2
848,fc2,14490412,1
849,fc2,2875417,4
850,conv5[0],836821,1
851,conv2[0],86023,2
852,conv3[0],398458,1
853,fc2,10625958,2
854,conv2[0],95966,0
855,conv5[0],466339,2
856,conv5[0],107197,1
857,conv2[0],196494,3
858,fc3,36502,4
859,fc2,3465935,0
860,conv2[0],371106,4
861,conv2[0],340189,3
862,conv1[0],4781,3
863,fc2,2842044,4
864,conv4[0],1199487,4
865,conv3[0],718605,3
866,conv3[0],145584,2
867,conv5[0],281444,3
868,conv3[0],66340,1
869,fc2,9259743,3
870,conv5[0],507753,0
871,fc1,16891283,1
872,fc3,38915,4
873,conv4[0],960205,0
874,conv3[0],319457,0
875,fc2,11147359,4
876,fc2,11057585,3
877,fc1,28898165,4
878,conv3[0],315029,2
879,conv4[0],1004556,2
880,conv3[0],417584,2
881,conv5[0],770571,3
882,conv4[0],683432,3
883,conv5[0],856156,3
884,fc1,7642882,4
885,conv4[0],1241990,4
886,conv3[0],714827,4
887,conv1[0],7563,1
888,fc3,19092,0
889,fc2,16753835,1
890,conv5[0],253777,2
891,conv3[0],749979,3
892,fc2,2481858,3
893,fc3,38157,3
894,fc2,1233634,2
895,conv2[0],114682,1
896,fc1,11162787,4
897,conv1[0],9227,3
898,fc1,28887382,0
899,conv1[0],1615,2
900,conv4[0],1070965,4
901,conv4[0],934865,2
902,fc2,15537822,4
903,conv3[0],361724,0
904,fc3,6851,2
905,fc2,2880809,0
906,conv3[0],365249,2
907,fc1,30556855,1
908,fc3,22826,3
909,conv2[0],459450,3
910,fc1,4507993,2
911,conv1[0],1885,0
912,fc1,7339205,1
913,conv4[0],1082117,1
914,conv3[0],347067,4
915,fc2,15503964,1
916,fc2,6189174,1
917,fc2,13273542,0
918,conv4[0],942827,4
919,fc2,13047163,0
920,conv4[0],431561,2
921,conv2[0],605393,0
922,conv3[0],383561,2
923,conv4[0],959552,0
924,conv5[0],703281,3
925,fc1,26081139,4
926,fc2,3832992,2
927,fc1,30726503,4
928,conv3[0],853266,2
929,conv2[0],140454,2
930,conv2[0],250161,2
931,conv2[0],191936,2
932,conv3[0],535638,3
933,fc2,4626058,4
934,fc2,14194826,1
935,fc3,35217,1
936,conv3[0],513426,2
937,conv3[0],196187,2
938,fc3,40593,0
939,fc1,643133,3
940,conv3[0],204607,3
941,fc3,26813,3
942,fc2,14893193,3
943,conv3[0],86686,4
944,conv1[0],3613,2
945,conv1[0],4503,1
946,conv5[0],176379,3
947,fc3,36026,4
948,conv2[0],600534,0
949,conv5[0],812764,4
950,fc1,36375915,0
951,fc3,35805,1
952,fc2,3436525,1
953,conv5[0],33796,3
954,conv5[0],365509,0
955,fc3,7693,1
956,conv4[0],1232965,2
957,fc2,5569418,4
958,conv3[0],822974,1
959,conv4[0],124482,4
960,fc1,35720759,2
961,conv3[0],339375,2
962,conv5[0],600556,2
963,conv2[0],142175,3
964,conv1[0],4543,1
965,conv3[0],261805,1
966,fc1,16613117,3
967,fc3,9317,4
968,conv5[0],658309,3
969,fc2,15166325,0
970,conv2[0],422419,4
971,conv5[0],728449,2
972,fc3,31984,2
973,conv1[0],1526,3
974,fc1,4250050,4
975,fc2,7309159,3
976,conv4[0],1037492,2
977,fc1,19031609,2
978,conv3[0],593643,3
979,fc1,3248690,0
980,conv2[0],481906,0
981,conv2[0],165657,3
982,fc3,44,3
983,conv4[0],276641,2
984,conv3[0],287330,0
985,fc1,16803340,0
986,fc1,11108200,0
987,fc2,10251189,1
988,fc2,3060136,0
989,conv1[0],3496,3
990,conv2[0],139145,4
991,conv4[0],1089353,3
992,conv1[0],132,2
993,conv2[0],442828,1
994,fc3,4641,1
995,fc2,2997453,0
996,conv2[0],328572,2
997,conv5[0],143790,3
998,conv3[0],672741,1
999,conv2[0],556278,4
1000,conv1[0],9999,1
1001,fc3,23015,1
1002,conv3[0],431709,4
1003,fc3,14237,0
1004,conv2[0],146814,0
1005,fc2,11795578,3
1006,fc1,9383845,1
1007,conv5[0],675933,0
1008,conv4[0],1160556,4
1009,conv5[0],816808,0
1010,conv5[0],215425,4
1011,conv4[0],821561,2
1012,conv1[0],3921,3
1013,fc2,3783049,1
1014,fc3,38923,0
1015,conv1[0],5916,2
1016,conv3[0],405629,4
1017,fc2,12261207,4
1018,conv3[0],799776,3
1019,conv2[0],17500,4
1020,conv2[0],14463,2
1021,conv4[0],83522,0
1022,fc2,9612935,4
1023,fc2,14212826,3
1024,conv2[0],562628,4
1025,conv3[0],290946,0
1026,conv5[0],82860,4
1027,conv4[0],325849,4
1028,fc1,26221547,4
1029,conv2[0],325236,3
1030,conv4[0],121437,1
1031,conv2[0],455589,0
1032,fc3,40127,4
1033,conv1[0],5067,1
1034,conv2[0],13280,1
1035,conv1[0],2684,3
1036,fc1,35098295,4
1037,conv5[0],175073,2
1038,conv3[0],786197,2
1039,conv2[0],30782,2
1040,fc2,9126154,4
1041,conv2[0],275722,4
1042,conv2[0],520248,3
1043,fc1,3720455,3
1044,conv3[0],385548,1
1045,conv5[0],810894,0
1046,conv2[0],239499,4
1047,conv1[0],721,0
1048,conv4[0],96430,3
1049,fc1,25701317,1
1050,conv3[0],37081,4
1051,fc2,7533483,2
1052,conv4[0],872953,2
1053,conv5[0],866120,0
1054,fc1,8012860,4
1055,conv1[0],2938,1
1056,conv1[0],6568,0
1057,fc3,18501,2
1058,fc1,5797234,4
1059,fc3,522,2
1060,conv4[0],611519,4
1061,conv5[0],775501,4
1062,conv4[0],972924,2
1063,fc3,12807,4
1064,conv4[0],315760,0
1065,fc2,802295,1
1066,fc1,643897,2
1067,conv1[0],10769,3
1068,conv5[0],108998,1
1069,conv4[0],880417,3
1070,conv1[0],2332,2
1071,conv2[0],46032,1
1072,fc2,12498756,3
1073,conv2[0],608982,0
1074,conv3[0],668169,3
1075,conv2[0],595403,0
1076,fc2,4385842,1
1077,conv5[0],273668,2
1078,fc2,10947186,2
1079,fc3,17822,1
1080,conv2[0],212559,1
1081,conv2[0],162959,0
1082,conv3[0],471404,3
1083,fc1,27280595,0
1084,fc1,13934231,3
1085,conv5[0],485854,2
1086,conv2[0],94813,1
1087,conv5[0],866529,4
1088,conv1[0],3522,2
1089,conv3[0],95643,1
1090,fc1,26591515,4
1091,conv1[0],11094,2
1092,conv5[0],859926,1
1093,conv1[0],6625,3
1094,conv4[0],198653,3
1095,conv2[0],146583,0
1096,conv1[0],1010,1
1097,conv3[0],207757,3
1098,fc1,5639790,4
1099,conv5[0],852227,0
1100,conv1[0],1056,1
1101,fc3,8440,0
1102,fc1,8222692,0
1103,fc3,3318,1
1104,fc2,13253956,3
1105,conv1[0],6270,3
1106,conv3[0],371136,1
1107,conv3[0],288339,2
1108,fc3,9740,0
1109,conv4[0],618880,3
1110,fc2,16073610,0
1111,conv2[0],293366,3
1112,conv3[0],439599,1
1113,conv4[0],1322787,4
1114,conv1[0],6266,2
1115,fc3,35685,3
1116,fc1,33715040,2
1117,fc2,9074315,1
1118,conv1[0],5224,4
1119,conv4[0],61453,2
1120,conv1[0],7728,4
1121,fc1,15620401,1
1122,conv2[0],259896,1
1123,conv5[0],559614,0
1124,conv4[0],1207313,3
1125,fc1,11657617,1
1126,conv4[0],1242603,2
1127,fc1,1892910,2
1128,conv3[0],590462,1
1129,fc3,35528,2
1130,conv3[0],514259,0
1131,conv2[0],58896,1
1132,conv4[0],41792,4
1133,fc3,44,2
1134,conv4[0],273656,2
1135,conv3[0],841403,2
1136,conv1[0],359,1
1137,conv3[0],811982,0
1138,fc1,4867513,2
1139,fc2,3390077,2
1140,conv5[0],338273,1
1141,conv3[0],767926,3
1142,fc3,20793,1
1143,fc1,14981195,4
1144,conv3[0],396764,2
1145,conv5[0],133534,1
1146,conv1[0],11501,4
1147,fc2,1086584,1
1148,fc1,14824029,4
1149,conv2[0],520287,1
1150,fc1,5221515,1
1151,fc1,21442535,1
1152,conv2[0],352058,3
1153,conv1[0],4345,1
1154,conv4[0],142175,2
1155,conv5[0],825250,0
1156,conv1[0],788,3
1157,fc3,27502,1
1158,fc2,16545086,3
1159,fc1,36643048,3
1160,conv2[0],502780,4
1161,conv4[0],341115,3
1162,conv2[0],35035,2
1163,conv1[0],5221,2
1164,conv2[0],77804,2
1165,conv3[0],393696,1
1166,conv2[0],573619,0
1167,fc1,32395917,0
1168,fc2,5536387,4
1169,fc2,5271528,0
1170,conv2[0],347177,1
1171,conv4[0],858322,4
1172,conv5[0],692687,2
1173,conv5[0],249087,0
1174,conv1[0],6437,4
1175,fc3,10065,0
1176,fc1,256058,3
1177,conv2[0],308857,4
1178,fc3,13085,0
1179,conv1[0],3390,1
1180,conv5[0],85916,3
1181,conv2[0],323331,3
1182,fc3,32053,2
1183,conv2[0],570557,3
1184,conv3[0],389043,3
1185,fc1,12521369,3
1186,conv1[0],4313,3
1187,fc3,17262,1
1188,conv5[0],591655,0
1189,conv3[0],788775,0
1190,conv2[0],360491,4
1191,fc2,7634061,4
1192,conv1[0],6342,4
1193,fc2,15932462,4
1194,conv4[0],998794,2
1195,conv2[0],413982,0
1196,conv3[0],126124,3
1197,conv3[0],175284,1
1198,conv4[0],264631,0
1199,fc2,2629611,3
1200,conv4[0],1315388,1
1201,conv5[0],335281,0
1202,conv2[0],406951,4
1203,fc2,10942999,2
1204,fc3,810,4
1205,fc2,3775505,3
1206,conv3[0],155398,4
1207,conv2[0],110766,4
1208,conv2[0],299990,4
1209,fc1,27574363,2
1210,fc2,16293521,4
1211,fc3,2455,1
1212,conv5[0],422548,1
1213,fc2,1301325,3
1214,fc1,15943676,0
1215,fc3,17601,2
1216,conv1[0],5535,2
1217,conv5[0],293964,3
1218,conv2[0],239030,1
1219,conv5[0],779850,3
1220,fc1,18080468,3
1221,conv2[0],197064,3
1222,conv4[0],853898,3
1223,fc1,3771908,4
1224,conv3[0],68804,2
1225,fc2,4551652,4
1226,conv1[0],2846,1
1227,conv4[0],120853,1
1228,conv1[0],7478,0
1229,fc1,13362030,2
1230,fc1,31153173,4
1231,fc2,4156483,0
1232,conv4[0],781119,3
1233,fc3,11638,3
1234,fc1,23102159,1
1235,conv5[0],785342,0
1236,conv5[0],28783,3
1237,conv1[0],2669,4
1238,conv4[0],464206,1
1239,conv4[0],564309,3
1240,conv1[0],11177,0
1241,fc3,8671,1
1242,conv1[0],3666,2
1243,conv5[0],747362,2
1244,fc2,12632419,2
1245,fc3,16514,1
1246,fc3,19801,4
1247,fc2,3433024,0
1248,fc1,37678749,4
1249,conv5[0],312974,0
1250,fc3,4183,2
1251,conv5[0],671712,2
1252,conv5[0],273832,2
1253,conv4[0],314424,4
1254,conv4[0],119065,4
1255,fc2,10723517,1
1256,conv1[0],10738,3
1257,conv5[0],272028,3
1258,fc2,13028344,0
1259,conv4[0],719673,1
1260,fc3,23494,4
1261,conv5[0],178243,4
1262,conv3[0],308054,0
1263,fc3,8384,2
1264,conv3[0],712730,2
1265,conv2[0],233049,2
1266,conv4[0],644004,3
1267,fc1,24943185,2
1268,conv5[0],486288,0
1269,fc3,3517,4
1270,conv2[0],495158,1
1271,conv2[0],400209,4
1272,conv5[0],433174,0
1273,conv3[0],144037,1
1274,fc1,27460399,4
1275,fc3,9386,2
1276,conv3[0],816779,0
1277,fc3,21799,1
1278,fc1,3893226,0
1279,fc3,17925,1
1280,conv3[0],604272,1
1281,fc3,5769,1
1282,fc2,14408599,3
1283,fc2,16018895,3
1284,conv1[0],618,4
1285,conv4[0],782450,0
1286,fc1,35637074,1
1287,conv1[0],11087,0
1288,conv4[0],474513,2
1289,conv5[0],135193,0
1290,fc2,10271518,1
1291,conv2[0],47939,2
1292,conv5[0],478073,4
1293,fc1,29102780,1
1294,fc1,32895334,2
1295,conv4[0],345785,3
1296,conv1[0],3742,1
1297,conv3[0],221449,0
1298,conv3[0],129144,2
1299,conv1[0],6147,2
1300,conv1[0],9730,0
1301,conv2[0],20700,0
1302,conv2[0],437020,3
1303,fc2,4147162,4
1304,conv5[0],497440,1
1305,conv4[0],1321858,0
1306,conv5[0],441315,0
1307,conv5[0],653050,4
1308,conv3[0],439170,0
1309,conv2[0],296439,0
1310,conv2[0],521917,1
1311,conv4[0],551538,4
1312,conv4[0],750616,3
1313,conv5[0],168163,0
1314,fc3,13611,3
1315,fc1,15737382,0
1316,conv1[0],11004,0
1317,conv2[0],602042,3
1318,conv3[0],94458,4
1319,conv2[0],106210,2
1320,conv4[0],957876,2
1321,conv5[0],486830,0
1322,conv2[0],183188,0
1323,conv5[0],377712,2
1324,fc2,3888994,0
1325,conv1[0],158,1
1326,conv3[0],344625,2
1327,fc3,40750,2
1328,conv2[0],390722,2
1329,conv3[0],119361,3
1330,fc2,15318896,2
1331,fc2,16047239,3
1332,conv3[0],118548,1
1333,conv1[0],2611,0
1334,fc2,16195880,4
1335,fc3,11879,4
1336,fc2,12032582,4
1337,conv1[0],11214,1
1338,fc3,31989,0
1339,fc2,14787031,0
1340,conv2[0],274320,2
1341,conv1[0],11543,4
1342,conv4[0],709467,4
1343,conv2[0],453873,1
1344,fc3,22659,3
1345,conv3[0],879789,4
1346,conv1[0],190,1
1347,fc3,32495,1
1348,conv2[0],515530,2
1349,conv4[0],693936,2
1350,conv1[0],8305,1
1351,fc2,13531730,1
1352,conv2[0],481395,3
1353,fc3,5768,3
1354,fc3,20713,0
1355,fc3,1164,0
1356,fc2,13835785,0
1357,conv1[0],1489,4
1358,conv5[0],533030,4
1359,conv4[0],956737,2
1360,fc1,3642347,1
1361,fc3,21756,4
1362,fc3,23808,3
1363,conv2[0],102170,1
1364,conv1[0],5592,2
1365,conv5[0],574295,4
1366,fc1,7135164,0
1367,conv3[0],516342,1
1368,fc2,3589032,2
1369,conv4[0],393307,0
1370,fc2,7233983,3
1371,conv4[0],708698,0
1372,fc2,1560293,4
1373,conv2[0],472388,3
1374,conv3[0],523059,0
1375,conv1[0],9064,3
1376,fc3,33314,1
1377,conv3[0],765979,1
1378,conv2[0],406224,4
1379,fc1,33830257,3
1380,fc2,8329511,2
1381,fc2,11504432,2
1382,fc3,8740,1
1383,fc2,10029860,4
1384,fc1,37150229,1
1385,conv4[0],439799,4
1386,conv5[0],719964,2
1387,conv3[0],744904,1
1388,fc1,7744715,2
1389,fc3,38194,4
1390,fc2,9594150,3
1391,conv1[0],8564,0
1392,conv1[0],6240,1
1393,conv1[0],10981,0
1394,conv4[0],559894,1
1395,conv5[0],716586,2
1396,conv3[0],880155,0
1397,conv5[0],213910,4
1398,conv1[0],5876,3
1399,conv2[0],589179,1
1400,fc2,7972381,4
1401,conv5[0],726596,0
1402,fc2,13004176,3
1403,fc1,37052454,0
1404,conv1[0],4117,1
1405,fc3,14781,2
1406,conv4[0],405794,2
1407,fc3,11627,0
1408,conv3[0],182237,4
1409,conv2[0],395521,0
1410,fc2,9365452,4
1411,conv5[0],136384,1
1412,conv5[0],5919,2
1413,fc3,10145,0
1414,conv3[0],338302,4
1415,conv1[0],10246,4
1416,conv5[0],514379,4
1417,fc1,4890947,2
1418,conv4[0],385601,4
1419,conv2[0],529678,1
1420,fc2,13536430,0
1421,fc1,14844351,1
1422,fc1,22217499,2
1423,conv5[0],229056,4
1424,fc3,36787,0
1425,conv2[0],362814,3
1426,conv4[0],1287024,4
1427,conv4[0],83628,2
1428,fc2,3804201,3
1429,conv5[0],566479,2
1430,conv1[0],8468,2
1431,fc3,31903,0
1432,conv5[0],683176,1
1433,fc1,34486889,0
1434,conv2[0],175526,4
1435,conv1[0],10271,0
1436,conv4[0],1320187,1
1437,fc2,3487205,1
1438,fc2,2419962,1
1439,conv1[0],7523,2
1440,conv1[0],1433,0
1441,conv1[0],2916,2
1442,conv2[0],602891,1
1443,conv5[0],427433,3
1444,fc3,26505,3
1445,fc1,1133533,3
1446,conv2[0],560814,0
1447,conv2[0],614054,0
1448,conv2[0],375075,4
1449,conv2[0],303915,2
1450,conv2[0],295192,3
1451,fc2,13257800,0
1452,fc3,10244,4
1453,conv4[0],286012,3
1454,conv5[0],664845,1
1455,conv5[0],710189,2
1456,conv1[0],9068,4
1457,conv3[0],129221,0
1458,conv1[0],9383,4
1459,fc2,2856383,2
1460,conv4[0],721109,1
1461,fc2,4780000,1
1462,conv3[0],231512,4
1463,conv5[0],203765,0
1464,conv3[0],703571,4
1465,conv1[0],8992,3
1466,conv2[0],304771,0
1467,conv5[0],102972,1
1468,fc3,21682,2
1469,conv3[0],703904,1
1470,conv2[0],298987,4
1471,conv2[0],202897,2
1472,fc3,29533,2
1473,conv5[0],727143,4
1474,conv3[0],593024,4
1475,fc1,21228758,3
1476,conv3[0],5066,2
1477,conv4[0],464573,3
1478,conv5[0],880919,2
1479,conv3[0],712591,2
1480,fc3,30333,3
1481,fc1,20499865,3
1482,conv2[0],184308,4
1483,conv2[0],294247,1
1484,conv4[0],552043,0
1485,conv2[0],19535,4
1486,conv1[0],9533,4
1487,fc2,7139063,0
1488,conv5[0],569868,4
1489,fc3,9740,2
1490,fc2,7492927,4
1491,conv5[0],140384,3
1492,conv2[0],416059,2
1493,conv1[0],10857,1
1494,conv3[0],793988,4
1495,conv3[0],467896,1
1496,conv3[0],593868,4
1497,conv3[0],771667,3
1498,fc1,2712528,1
1499,fc3,15187,0
1500,conv5[0],387380,1
1501,conv1[0],10954,1
1502,fc1,26044487,3
1503,fc3,3043,0
1504,fc1,6927313,4
1505,conv5[0],875427,2
1506,conv3[0],394956,3
1507,fc1,5223584,4
1508,conv5[0],394609,1
1509,fc2,11841292,2
1510,fc3,31595,4
1511,conv1[0],8222,1
1512,fc3,10853,1
1513,conv2[0],539535,2
1514,conv4[0],315076,1
1515,conv3[0],379818,4
1516,conv2[0],241535,3
1517,fc1,7606031,3
1518,fc3,31393,1
1519,conv3[0],678700,3
1520,conv1[0],3992,0
1521,conv3[0],601344,4
1522,conv3[0],141268,4
1523,conv1[0],9376,1
1524,conv1[0],2725,2
1525,conv3[0],541737,3
1526,conv1[0],10842,2
1527,conv2[0],227114,3
1528,fc3,31566,1
1529,conv4[0],861440,4
1530,conv3[0],833215,4
1531,conv3[0],653484,4
1532,conv5[0],175868,2
1533,fc3,39094,4
1534,conv2[0],240977,3
1535,fc2,4436338,0
1536,conv1[0],3315,4
1537,fc2,5018440,4
1538,conv2[0],186040,3
1539,conv1[0],8706,4
1540,conv2[0],97716,3
1541,conv3[0],632789,4
1542,conv1[0],11117,3
1543,fc2,12427804,0
1544,fc2,7700280,3
1545,fc2,11761426,4
1546,conv2[0],446157,1
1547,conv5[0],500318,1
1548,conv2[0],297026,4
1549,fc2,8650499,1
1550,conv1[0],116,4
1551,conv2[0],545009,0
1552,fc2,6892707,2
1553,fc2,12155757,0
1554,conv3[0],446768,4
1555,conv5[0],273995,4
1556,fc2,12268979,4
1557,conv5[0],713666,3
1558,conv4[0],866602,4
1559,fc3,11712,2
1560,fc3,16631,2
1561,fc1,26718035,1
1562,conv2[0],240932,3
1563,conv3[0],105149,1
1564,fc2,11356089,4
1565,conv1[0],2633,3
1566,conv1[0],1492,1
1567,fc3,39337,3
1568,conv2[0],67193,2
1569,conv4[0],777697,0
1570,conv1[0],6296,3
1571,conv5[0],746172,4
1572,conv1[0],2871,3
1573,fc3,701,1
1574,conv5[0],204206,0
1575,conv4[0],1290146,1
1576,conv1[0],5893,1
1577,conv1[0],2579,0
1578,conv5[0],817546,3
1579,fc1,26517605,3
1580,conv4[0],1085785,0
1581,conv2[0],94545,4
1582,conv5[0],761411,4
1583,fc1,23318658,2
1584,conv4[0],1271636,1
1585,fc3,26473,4
1586,conv1[0],4277,1
1587,fc2,3572371,4
1588,conv2[0],527611,2
1589,fc1,7852340,4
1590,conv5[0],564032,4
1591,conv5[0],727912,3
1592,fc2,16227926,1
1593,fc1,30792796,3
1594,conv1[0],7896,0
1595,conv5[0],70835,3
1596,conv4[0],482198,2
1597,fc2,11847944,4
1598,conv1[0],11482,2
1599,conv4[0],602489,0
1600,fc2,11475376,0
1601,conv3[0],499704,2
1602,fc1,14667724,4
1603,conv5[0],191663,1
1604,fc3,13085,1
1605,conv4[0],556595,1
1606,conv4[0],425232,1
1607,fc1,10468685,0
1608,conv2[0],82300,3
1609,conv1[0],8871,0
1610,fc3,24326,4
1611,fc1,33040403,4
1612,conv5[0],514646,1
1613,conv5[0],417206,1
1614,conv3[0],56778,4
1615,fc2,16049758,4
1616,conv1[0],8232,2
1617,fc2,5865326,3
1618,conv2[0],543377,3
1619,fc1,564963,0
1620,conv4[0],795718,4
1621,conv2[0],341244,2
1622,conv5[0],196243,4
1623,conv5[0],248658,2
1624,fc3,40179,2
1625,fc1,12342237,3
1626,fc2,7064297,3
1627,fc1,24499968,3
1628,conv5[0],472623,1
1629,conv3[0],603867,1
1630,conv2[0],283062,1
1631,fc2,12780325,1
1632,conv3[0],838900,1
1633,fc3,638,1
1634,fc2,16763721,1
1635,fc1,32656528,2
1636,conv5[0],589444,4
1637,conv1[0],6527,0
1638,conv3[0],62952,1
1639,conv5[0],499687,0
1640,fc3,21932,2
1641,fc1,24179765,4
1642,conv5[0],360857,0
1643,fc2,4068055,2
1644,conv4[0],1209750,4
1645,conv3[0],818213,2
1646,fc1,21816439,4
1647,fc3,29290,0
1648,fc2,9614135,3
1649,conv3[0],175715,2
1650,fc2,13581918,0
1651,conv2[0],169868,2
1652,conv4[0],657419,2
1653,conv5[0],744943,2
1654,fc2,9101575,3
1655,fc1,34959402,3
1656,fc2,5614264,1
1657,conv1[0],2048,1
1658,conv5[0],780009,0
1659,conv4[0],350036,3
1660,conv2[0],100195,0
1661,fc3,35942,0
1662,conv1[0],6504,4
1663,conv2[0],108976,2
1664,conv3[0],88406,3
1665,conv5[0],240497,1
1666,conv5[0],464687,1
1667,conv3[0],552329,1
1668,conv1[0],575,2
1669,fc1,31954203,3
1670,conv5[0],575191,3
1671,conv3[0],731510,4
1672,conv3[0],619531,4
1673,fc3,36961,3
1674,conv5[0],364032,3
1675,conv4[0],187808,3
1676,conv5[0],383551,3
1677,conv5[0],163281,2
1678,conv1[0],1,4
1679,conv3[0],360589,2
1680,fc3,35068,0
1681,fc3,31265,2
1682,conv1[0],7052,2
1683,conv4[0],15137,4
1684,fc1,12654784,3
1685,fc2,13245681,1
1686,conv3[0],749666,3
1687,fc2,7401853,2
1688,conv2[0],442750,1
1689,conv5[0],298505,4
1690,conv5[0],432961,1
1691,conv2[0],191267,1
1692,conv5[0],115717,3
1693,fc3,17834,4
1694,fc3,12306,2
1695,conv1[0],2492,0
1696,conv1[0],3046,0
1697,conv5[0],282271,1
1698,fc3,537,1
1699,conv2[0],158003,0
1700,fc3,14233,2
1701,fc2,10454778,3
1702,fc1,31117337,0
1703,fc1,5383680,1
1704,conv1[0],4366,3
1705,conv2[0],569578,3
1706,conv3[0],201528,2
1707,fc2,423305,0
1708,conv4[0],806979,3
1709,conv4[0],70276,1
1710,fc3,6157,4
1711,conv4[0],991587,3
1712,conv5[0],338756,1
1713,conv1[0],9004,4
1714,conv2[0],265617,3
1715,conv5[0],208376,2
1716,conv1[0],10923,1
1717,conv2[0],247428,3
1718,fc1,1011176,1
1719,conv5[0],613099,0
1720,fc2,8156724,0
1721,conv1[0],9520,3
1722,conv3[0],389439,0
1723,conv4[0],330717,3
1724,conv2[0],354861,0
1725,conv1[0],5824,1
1726,conv2[0],131939,3
1727,conv4[0],664250,4
1728,fc1,29441926,1
1729,conv1[0],11292,3
1730,fc1,9041723,2
1731,conv1[0],7951,3
1732,conv5[0],569097,3
1733,conv4[0],1188459,1
1734,fc1,21721855,3
1735,conv5[0],871733,4
1736,conv3[0],72222,4
1737,conv3[0],471213,2
1738,conv5[0],567915,2
1739,fc3,47,4
1740,fc2,6225497,0
1741,fc1,16024694,2
1742,conv2[0],565136,3
1743,conv4[0],1099053,3
1744,conv3[0],642818,2
1745,fc1,27501516,2
1746,conv2[0],100932,4
1747,conv2[0],45903,1
1748,conv3[0],32792,1
1749,conv2[0],508947,1
1750,conv2[0],33362,4
1751,fc2,16438639,4
1752,conv5[0],51470,2
1753,conv4[0],1270776,0
1754,conv1[0],3419,3
1755,conv2[0],490795,0
1756,fc1,37448080,3
1757,fc1,3912448,4
1758,conv5[0],554718,0
1759,conv2[0],318667,0
1760,conv4[0],1089439,0
1761,conv2[0],242239,4
1762,fc2,6357236,1
1763,conv4[0],1195434,1
1764,fc2,3540468,4
1765,fc1,30784217,3
1766,conv2[0],174912,1
1767,fc2,11325052,1
1768,fc3,23089,2
1769,fc1,24945674,3
1770,fc2,10853211,4
1771,conv4[0],1181000,4
1772,conv4[0],786564,4
1773,conv5[0],377496,3
1774,fc3,26023,0
1775,conv1[0],4660,4
1776,conv1[0],8480,1
1777,conv5[0],6887,2
1778,conv4[0],450516,2
1779,conv1[0],11300,2
1780,conv3[0],98867,0
1781,fc3,23308,1
1782,conv3[0],277860,2
1783,conv4[0],488624,2
1784,conv5[0],96369,4
1785,fc2,7295984,0
1786,fc1,32382253,1
1787,fc3,37763,0
1788,conv5[0],39186,4
1789,fc2,2633264,0
1790,fc1,23349200,3
1791,fc2,4044668,1
1792,conv1[0],10385,3
1793,conv1[0],4993,4
1794,conv1[0],5231,4
1795,conv3[0],342707,4
1796,conv4[0],321278,0
1797,fc2,14952399,4
1798,conv2[0],232873,3
1799,conv5[0],824566,3
1800,conv3[0],138610,2
1801,conv2[0],498969,4
1802,conv1[0],8980,3
1803,conv5[0],89211,3
1804,fc2,4374664,1
1805,fc3,36654,1
1806,fc3,25907,4
1807,conv4[0],1176853,4
1808,conv4[0],508171,0
1809,conv5[0],814504,3
1810,fc1,6012595,0
1811,fc2,14211664,2
1812,fc1,12783550,2
1813,fc1,1624492,2
1814,conv3[0],366704,4
1815,fc3,40840,1
1816,fc3,2941,1
1817,conv4[0],783959,1
1818,conv2[0],117830,0
1819,conv4[0],1302336,1
1820,conv5[0],14400,2
1821,conv2[0],319939,3
1822,fc3,1490,2
1823,conv4[0],1128279,1
1824,conv4[0],1145934,4
1825,conv5[0],575458,3
1826,conv3[0],728834,0
1827,fc2,1459014,2
1828,conv3[0],63029,2
1829,conv4[0],1295966,2
1830,conv1[0],7617,0
1831,conv2[0],407523,2
1832,fc1,7240471,0
1833,conv5[0],680956,3
1834,conv4[0],798388,4
1835,conv2[0],330779,3
1836,conv2[0],195472,1
1837,fc3,36745,0
1838,conv1[0],4053,4
1839,conv5[0],349773,3
1840,fc2,5268222,0
1841,fc1,23616487,2
1842,conv5[0],247678,4
1843,conv5[0],851331,0
1844,conv5[0],405977,0
1845,conv5[0],236540,1
1846,fc1,26363488,1
1847,conv2[0],400773,4
1848,conv4[0],875211,1
1849,conv3[0],447180,2
1850,fc1,30143233,4
1851,conv3[0],216800,1
1852,conv4[0],289636,2
1853,conv3[0],450955,1
1854,conv3[0],332918,0
1855,conv2[0],193079,2
1856,conv3[0],762398,0
1857,fc1,27785764,3
1858,conv5[0],464523,2
1859,conv3[0],816953,1
1860,conv2[0],137935,1
1861,conv1[0],10026,4
1862,conv5[0],635022,4
1863,conv4[0],1250659,1
1864,conv4[0],54703,2
1865,conv2[0],499753,1
1866,fc3,24507,1
1867,fc2,16490177,3
1868,conv3[0],171742,1
1869,conv4[0],67590,3
1870,conv1[0],4421,3
1871,conv4[0],425372,1
1872,conv2[0],185679,3
1873,fc3,21292,3
1874,conv4[0],896649,3
1875,conv1[0],9960,3
1876,fc1,26451006,4
1877,conv1[0],8530,0
1878,fc3,29943,0
1879,conv4[0],1087798,4
1880,fc2,1317065,4
1881,fc2,1654080,1
1882,conv5[0],460905,3
1883,conv5[0],811259,2
1884,fc3,10910,3
1885,conv5[0],642917,0
1886,conv3[0],486097,3
1887,conv2[0],524977,0
1888,conv3[0],816558,4
1889,conv3[0],412160,3
1890,fc1,30258437,0
1891,conv3[0],475718,4
1892,conv4[0],953539,0
1893,conv5[0],339817,1
1894,conv2[0],95620,0
1895,fc3,23785,0
1896,fc2,5365342,3
1897,fc2,1473243,1
1898,fc1,10072351,1
1899,conv3[0],187555,0
1900,fc2,10336852,2
1901,fc3,18925,1
1902,conv2[0],137962,1
1903,conv1[0],10200,2
1904,conv1[0],7514,3
1905,fc3,35618,0
1906,fc3,15589,1
1907,fc3,29736,3
1908,fc3,5203,4
1909,conv1[0],4009,4
1910,conv5[0],649871,4
1911,conv4[0],102590,1
1912,conv3[0],57738,2
1913,conv1[0],2381,0
1914,conv5[0],347195,0
1915,conv1[0],1784,3
1916,conv3[0],169172,2
1917,conv3[0],477456,4
1918,fc1,2405184,0
1919,conv5[0],338503,2
1920,fc2,2270516,3
1921,conv2[0],307057,3
1922,conv3[0],127950,2
1923,fc1,35369910,3
1924,conv4[0],438411,4
1925,conv1[0],1790,4
1926,conv2[0],507157,4
1927,conv5[0],447798,4
1928,fc1,17425490,4
1929,fc1,8704901,4
1930,fc3,34059,3
1931,fc3,11790,4
1932,conv4[0],609197,1
1933,conv1[0],1936,0
1934,fc3,7728,1
1935,fc2,13892915,0
1936,fc1,23464617,4
1937,conv4[0],23692,1
1938,conv5[0],266776,0
1939,conv5[0],314870,4
1940,fc1,411462,0
1941,fc1,22908388,3
1942,conv1[0],2877,1
1943,fc1,22678558,3
1944,fc3,2330,1
1945,fc3,10183,3
1946,fc1,31035841,3
1947,conv1[0],8537,2
1948,fc1,37257311,4
1949,conv1[0],3412,4
1950,fc1,23729395,0
1951,conv3[0],294083,0
1952,fc1,25181982,4
1953,conv3[0],598717,4
1954,fc2,6287392,4
1955,conv2[0],323256,2
1956,conv1[0],4448,3
1957,conv2[0],521199,1
1958,fc1,30326920,2
1959,conv4[0],1101215,2
1960,conv3[0],117683,2
1961,conv1[0],3311,0
1962,fc3,33160,0
1963,fc3,32771,1
1964,conv4[0],713274,3
1965,conv5[0],813205,2
1966,conv3[0],806859,0
1967,conv3[0],215154,0
1968,fc3,25400,4
1969,conv2[0],4309,2
1970,conv1[0],11256,4
1971,conv2[0],349479,3
1972,conv1[0],1689,4
1973,conv5[0],23572,4
1974,conv5[0],669883,1
1975,fc1,13459052,1
1976,conv5[0],290088,4
1977,fc1,29602768,0
1978,conv5[0],156574,1
1979,conv5[0],120020,0
1980,conv2[0],216612,4
1981,fc1,36867305,2
1982,conv5[0],148433,2
1983,conv4[0],359189,0
1984,conv5[0],643052,2
1985,fc3,3324,1
1986,conv1[0],7712,0
1987,conv2[0],402233,0
1988,conv2[0],447181,3
1989,conv3[0],738908,4
1990,fc3,40390,2
1991,conv5[0],348475,1
1992,conv2[0],488316,4
1993,conv3[0],97429,3
1994,conv2[0],477714,2
1995,fc3,30837,1
1996,conv4[0],301406,4
1997,conv5[0],381104,3
1998,conv3[0],733599,2
1999,fc1,30419311,3
2000,conv1[0],1070,3
2001,conv2[0],368512,3
2002,fc3,11193,2
2003,fc1,8549266,4
2004,conv2[0],425392,0
2005,fc1,37322585,0
2006,conv5[0],558624,3
2007,fc2,13872808,1
2008,conv4[0],1149132,1
2009,fc3,25153,0
2010,fc1,13974625,4
2011,fc2,14608046,4
2012,fc1,36542580,1
2013,conv3[0],694799,0
2014,fc3,7492,4
2015,fc3,21323,4
2016,conv2[0],466843,1
2017,conv5[0],425505,0
2018,conv2[0],397316,2
2019,fc3,4029,0
2020,conv4[0],291329,4
2021,conv1[0],2403,1
2022,fc3,34816,2
2023,fc2,15004192,1
2024,conv4[0],663953,2
2025,conv5[0],455844,2
2026,conv2[0],611033,0
2027,fc2,4280058,2
2028,conv1[0],6049,4
2029,conv1[0],13,4
2030,fc1,7361729,2
2031,conv1[0],3854,3
2032,fc2,10674581,3
2033,fc2,12803198,3
2034,conv4[0],363667,3
2035,conv3[0],197370,4
2036,fc2,12089255,3
2037,conv3[0],302483,1
2038,conv3[0],12166,0
2039,conv1[0],2359,3
2040,fc2,4555878,0
2041,conv3[0],673440,3
2042,fc3,39611,3
2043,conv3[0],476467,4
2044,fc2,15101030,3
2045,fc1,15149216,1
2046,fc2,249309,4
2047,fc3,15515,4
2048,conv5[0],430794,4
2049,fc1,2245588,0
2050,fc3,24155,0
2051,fc3,5247,1
2052,conv5[0],487521,4
2053,conv2[0],548779,4
2054,conv2[0],257143,3
2055,conv2[0],565389,4
2056,conv5[0],642818,0
2057,fc1,35905474,0
2058,fc3,29755,4
2059,fc3,37615,2
2060,fc2,11841846,2
2061,conv5[0],175645,0
2062,conv5[0],762285,4
2063,conv5[0],64401,3
2064,conv3[0],600687,0
2065,conv5[0],848188,4
2066,conv1[0],4699,3
2067,conv2[0],132981,4
2068,conv2[0],291345,2
2069,conv3[0],645710,2
2070,conv5[0],269437,0
2071,conv2[0],183095,4
2072,conv3[0],691174,3
2073,fc1,11770852,2
2074,conv4[0],1016947,1
2075,conv1[0],5617,0
2076,conv3[0],624473,1
2077,fc3,27062,3
2078,conv4[0],923134,1
2079,conv4[0],1211645,2
2080,conv1[0],10522,2
2081,conv2[0],55074,1
2082,fc3,26132,3
2083,conv5[0],499401,4
2084,conv4[0],796499,3
2085,fc3,17211,1
2086,fc2,398057,2
2087,fc3,25035,2
2088,conv1[0],1595,4
2089,fc1,28976659,4
2090,conv5[0],351238,2
2091,conv5[0],841289,0
2092,conv5[0],686128,4
2093,fc2,15472236,1
2094,conv4[0],1090419,2
2095,conv3[0],328487,4
2096,conv1[0],11023,0
2097,conv2[0],12542,3
2098,conv2[0],550779,0
2099,fc3,23036,1
2100,conv5[0],264132,1
2101,conv1[0],388,4
2102,conv2[0],59645,4
2103,conv4[0],1257001,0
2104,conv2[0],90582,4
2105,conv3[0],394220,4
2106,conv3[0],116229,1
2107,conv5[0],308877,3
2108,conv2[0],475470,2
2109,fc2,10851641,2
2110,conv3[0],818656,0
2111,conv5[0],814854,0
2112,fc2,13038931,2
2113,conv1[0],4230,2
2114,conv3[0],461976,0
2115,fc3,13151,4
2116,fc2,5987525,3
2117,conv2[0],150861,4
2118,fc2,7327834,4
2119,conv2[0],463031,2
2120,conv2[0],36554,0
2121,conv2[0],599098,2
2122,fc3,1229,3
2123,conv3[0],684578,0
2124,conv1[0],10888,3
2125,conv5[0],158971,2
2126,fc2,124277,4
2127,fc3,31335,3
2128,fc2,2352155,4
2129,conv4[0],6936,3
2130,fc3,7943,4
2131,fc1,22376760,2
2132,fc2,1852025,0
2133,fc1,35878163,2
2134,conv2[0],481966,2
2135,conv4[0],370395,4
2136,conv1[0],6294,1
2137,conv5[0],729685,3
2138,conv2[0],376712,3
2139,conv2[0],459259,1
2140,conv3[0],37432,1
2141,conv1[0],9714,1
2142,fc3,25478,0
2143,conv5[0],523956,4
2144,fc3,1075,0
2145,fc1,3761750,2
2146,conv1[0],6643,0
2147,conv4[0],1097061,3
2148,conv3[0],777048,4
2149,conv4[0],151065,0
2150,conv3[0],512643,0
2151,fc3,40525,0
2152,conv4[0],273757,0
2153,conv3[0],663393,0
2154,conv5[0],860607,0
2155,fc3,40057,1
2156,conv2[0],111496,0
2157,fc3,38992,4
2158,conv4[0],132351,1
2159,fc2,11319356,3
2160,fc1,8106914,4
2161,conv3[0],337211,1
2162,conv1[0],9717,1
2163,fc1,4242749,0
2164,conv5[0],148097,3
2165,conv3[0],730119,2
2166,conv3[0],459969,1
2167,conv1[0],2185,0
2168,fc2,5293334,0
2169,fc3,5290,0
2170,conv1[0],2939,0
2171,conv5[0],436440,3
2172,conv3[0],216174,1
2173,conv5[0],548496,3
2174,fc2,8028023,1
2175,conv1[0],9769,1
2176,fc3,40111,0
2177,conv5[0],364750,3
2178,conv1[0],9137,1
2179,conv4[0],246431,4
2180,conv2[0],379481,4
2181,conv4[0],973531,1
2182,conv5[0],55646,1
2183,conv2[0],156465,3
2184,fc3,11555,1
2185,conv1[0],885,2
2186,conv5[0],219770,3
2187,conv5[0],350533,4
2188,fc3,2838,0
2189,conv1[0],8804,1
2190,conv3[0],823648,0
2191,fc3,33744,0
2192,conv2[0],246729,3
2193,fc1,28123061,1
2194,fc1,15439282,0
2195,fc1,15286195,0
2196,conv4[0],865275,1
2197,fc2,7404213,0
2198,fc3,38344,3
2199,conv1[0],7141,1
2200,conv4[0],1278074,3
2201,conv3[0],406145,2
2202,conv3[0],479975,1
2203,fc1,18098893,1
2204,fc1,8537037,0
2205,conv1[0],4597,1
2206,conv2[0],488148,3
2207,fc2,5744562,2
2208,conv4[0],618998,4
2209,conv3[0],827899,4
2210,conv3[0],606204,4
2211,conv4[0],181349,3
2212,fc3,14184,4
2213,fc3,30327,2
2214,conv1[0],7014,1
2215,conv4[0],686389,3
2216,conv4[0],1241035,1
2217,conv1[0],6844,0
2218,conv1[0],7711,4
2219,conv1[0],6974,4
2220,fc2,16081610,0
2221,fc3,32459,1
2222,conv2[0],585616,0
2223,fc2,7315083,1
2224,fc1,19850159,1
2225,conv2[0],16703,3
2226,conv5[0],169662,3
2227,conv1[0],7452,3
2228,conv3[0],737290,3
2229,conv3[0],828226,2
2230,fc3,89,0
2231,fc2,11170476,4
2232,conv1[0],4859,3
2233,conv5[0],731963,4
2234,conv4[0],169783,4
2235,fc1,3678349,4
2236,fc1,3460306,0
2237,fc2,12267193,3
2238,conv1[0],5989,2
2239,conv3[0],679658,4
2240,conv2[0],587997,1
2241,conv3[0],351199,1
2242,conv2[0],501736,4
2243,conv4[0],472776,2
2244,fc1,17942081,4
2245,fc2,9299454,0
2246,conv2[0],390923,2
2247,fc3,31865,4
2248,conv2[0],493002,4
2249,conv5[0],473933,4
2250,fc1,4404193,1
2251,fc3,5721,0
2252,fc2,5999929,2
2253,conv2[0],114677,1
2254,conv5[0],117466,1
2255,fc3,9863,1
2256,conv1[0],4803,3
2257,conv3[0],496925,2
2258,fc2,14893471,0
2259,conv5[0],198244,0
2260,conv1[0],3806,4
2261,fc1,27628164,4
2262,fc1,21898052,3
2263,fc3,30015,2
2264,conv3[0],827691,2
2265,conv3[0],827607,2
2266,conv4[0],1015531,2
2267,conv5[0],807141,0
2268,conv3[0],370274,2
2269,fc3,10902,4
2270,conv3[0],746389,4
2271,conv5[0],191134,1
2272,conv3[0],169087,1
2273,conv2[0],43150,2
2274,conv3[0],462305,2
2275,fc1,12381356,1
2276,conv1[0],10904,2
2277,fc1,9928368,2
2278,fc3,35380,1
2279,conv5[0],127391,0
2280,fc2,16757650,1
2281,fc3,20985,1
2282,conv1[0],8948,4
2283,fc1,19834485,3
2284,conv5[0],790795,4
2285,conv3[0],838416,4
2286,fc3,22196,0
2287,fc3,2626,1
2288,conv2[0],323047,0
2289,fc2,7394215,3
2290,fc1,6206303,2
2291,conv1[0],9963,1
2292,conv4[0],582855,1
2293,conv1[0],1369,4
2294,fc3,5726,4
2295,fc2,6524660,3
2296,fc1,34329931,0
2297,fc1,26679665,1
2298,fc2,12402723,3
2299,fc1,818110,2
2300,fc1,23579037,2
2301,fc3,36767,0
2302,conv4[0],931597,3
2303,fc3,18915,1
2304,fc2,13898037,1
2305,conv2[0],150616,1
2306,conv5[0],497667,4
2307,fc1,4436954,4
2308,fc2,2967831,0
2309,fc2,9171394,3
2310,conv3[0],582813,3
2311,conv3[0],208936,1
2312,fc2,9712772,4
2313,fc3,2767,2
2314,conv5[0],518101,4
2315,fc3,14714,0
2316,conv1[0],2523,2
2317,conv5[0],671670,3
2318,conv2[0],301663,3
2319,conv3[0],515780,1
2320,conv1[0],1955,2
2321,fc3,4372,4
2322,fc1,32244863,4
2323,fc2,8654075,3
2324,conv2[0],391330,4
2325,conv1[0],4252,1
2326,conv1[0],2394,2
2327,fc3,8879,2
2328,conv3[0],55457,2
2329,fc1,28153108,2
2330,conv1[0],4749,2
2331,conv2[0],538828,1
2332,conv3[0],801834,0
2333,conv3[0],570123,2
2334,fc1,20204620,2
2335,fc1,6431271,4
2336,fc1,9644719,0
2337,conv3[0],543341,2
2338,fc1,32541022,3
2339,fc1,10940700,0
2340,conv4[0],324125,4
2341,conv4[0],395138,4
2342,conv2[0],437619,3
2343,conv2[0],122227,1
2344,conv1[0],7856,2
2345,conv5[0],724619,2
2346,conv3[0],856727,3
2347,fc1,11556626,2
2348,conv1[0],1943,1
2349,conv3[0],727967,1
2350,conv4[0],644723,1
2351,conv4[0],273087,0
2352,fc2,3748774,0
2353,conv1[0],7934,3
2354,conv1[0],3217,0
2355,conv1[0],10809,4
2356,conv1[0],7685,0
2357,conv5[0],45383,0
2358,conv5[0],700015,0
2359,conv2[0],129806,4
2360,conv4[0],1232292,1
2361,conv3[0],703175,2
2362,conv1[0],1487,1
2363,conv5[0],607913,2
2364,fc1,10774820,4
2365,conv4[0],1058871,4
2366,conv2[0],103919,4
2367,conv1[0],8664,1
2368,conv4[0],591096,1
2369,conv1[0],1616,1
2370,fc3,24016,4
2371,conv3[0],461023,0
2372,conv3[0],875290,2
2373,fc2,14230161,1
2374,conv4[0],854752,0
2375,fc1,8295689,3
2376,conv2[0],544973,1
2377,fc3,23674,2
2378,conv1[0],1347,2
2379,fc3,7583,3
2380,conv5[0],479142,4
2381,conv5[0],720420,3
2382,conv4[0],1161645,3
2383,conv5[0],448750,1
2384,conv2[0],498783,2
2385,conv3[0],13406,3
2386,conv2[0],415623,3
2387,conv2[0],125008,1
2388,fc2,13442720,4
2389,conv2[0],176919,0
2390,fc1,13360461,2
2391,conv4[0],1247723,3
2392,conv2[0],244181,3
2393,fc3,18252,4
2394,conv5[0],793041,3
2395,fc1,31932161,4
2396,fc2,16258224,4
2397,conv5[0],154532,3
2398,conv2[0],128125,2
2399,fc3,32589,1
2400,conv3[0],31167,0
2401,conv1[0],1117,3
2402,conv1[0],2934,3
2403,fc1,10249983,2
2404,conv2[0],80234,4
2405,fc3,30541,1
2406,conv5[0],694255,3
2407,fc3,33082,2
2408,fc1,36274286,4
2409,conv1[0],517,3
2410,conv2[0],402265,3
2411,fc1,25255519,3
2412,fc3,2358,0
2413,conv3[0],583707,2
2414,conv3[0],515353,3
2415,conv3[0],327637,3
2416,fc3,7168,4
2417,fc3,36292,4
2418,fc3,31189,4
2419,conv3[0],531297,0
2420,fc2,8837934,3
2421,fc2,11836787,2
2422,fc1,4122093,0
2423,conv1[0],2100,2
2424,fc1,1805217,2
2425,fc2,3266525,3
2426,fc1,23982431,3
2427,fc1,3788244,1
2428,conv4[0],492038,2
2429,conv2[0],68681,2
2430,conv2[0],353993,1
2431,conv1[0],8821,2
2432,conv1[0],7551,3
2433,fc2,8946245,0
2434,fc3,38534,0
2435,fc1,25349540,4
2436,fc2,10818665,4
2437,conv2[0],512081,0
2438,conv4[0],704574,3
2439,fc1,11182163,4
2440,conv5[0],380983,3
2441,conv4[0],1042183,0
2442,conv4[0],602628,2
2443,conv1[0],4871,4
2444,fc2,7579475,4
2445,conv2[0],606279,0
2446,fc1,18345210,0
2447,fc3,27990,1
2448,fc1,5144672,2
2449,conv5[0],453939,4
2450,fc1,13426939,3
2451,fc2,8431047,4
2452,fc3,35885,1
2453,conv1[0],10286,4
2454,conv3[0],604864,3
2455,conv4[0],979989,2
2456,fc2,2009295,4
2457,conv4[0],763939,3
2458,conv3[0],252050,1
2459,conv5[0],456538,3
2460,fc1,4323658,1
2461,fc2,8956844,2
2462,conv3[0],268903,4
2463,conv4[0],851162,1
2464,conv2[0],157246,1
2465,conv1[0],4023,2
2466,fc3,31810,4
2467,fc2,14160612,0
2468,conv4[0],334198,2
2469,conv3[0],30557,2
2470,conv5[0],690666,4
2471,conv3[0],675591,0
2472,fc3,1304,0
2473,conv2[0],329153,4
2474,conv5[0],66670,3
2475,fc1,6060352,3
2476,conv3[0],247507,0
2477,conv2[0],547312,4
2478,conv5[0],520566,0
2479,conv4[0],1257916,0
2480,fc1,22098003,4
2481,fc2,7916768,3
2482,conv4[0],302572,0
2483,conv3[0],224509,2
2484,fc3,26763,2
2485,conv1[0],8034,4
2486,fc1,7580707,2
2487,fc2,15933460,1
2488,conv5[0],822370,1
2489,fc1,31891593,2
2490,conv5[0],22097,4
2491,conv1[0],10849,0
2492,conv4[0],530543,4
2493,fc2,10377328,2
2494,conv2[0],560894,1
2495,fc3,25458,0
2496,fc2,8574287,2
2497,conv2[0],246898,2
2498,conv4[0],336020,3
2499,fc1,27265580,0
2500,conv5[0],83985,3
2501,fc3,27063,2
2502,fc2,3368716,1
2503,conv5[0],530930,0
2504,fc1,28244143,4
2505,fc1,30417881,0
2506,conv1[0],10508,1
2507,fc3,8918,0
2508,fc2,6713413,2
2509,fc1,5518499,0
2510,conv3[0],261728,4
2511,conv3[0],622871,3
2512,fc1,30298974,3
2513,conv3[0],273342,1
2514,fc1,18911098,1
2515,conv2[0],434631,2
2516,conv3[0],412608,3
2517,conv4[0],43483,0
2518,conv4[0],186597,3
2519,conv4[0],548999,1
2520,conv1[0],6570,4
2521,fc2,8729446,1
2522,conv2[0],385792,1
2523,conv2[0],14800,4
2524,fc2,15223909,3
2525,conv2[0],235388,1
2526,conv4[0],558267,2
2527,fc3,25039,1
2528,fc2,6932545,4
2529,conv4[0],593425,1
2530,fc2,6052208,3
2531,conv3[0],30170,2
2532,conv5[0],246924,4
2533,fc3,16273,2
2534,fc3,5618,0
2535,fc3,8729,2
2536,fc2,7120843,3
2537,fc2,8597504,0
2538,conv2[0],584056,0
2539,conv1[0],5453,1
2540,fc3,23219,4
2541,conv1[0],87,2
2542,fc2,10150462,3
2543,fc1,8874358,4
2544,conv1[0],9510,1
2545,conv5[0],178117,4
2546,fc3,22228,3
2547,conv3[0],94002,2
2548,fc2,4757875,2
2549,conv2[0],328486,0
2550,conv3[0],523460,2
2551,fc1,28862584,2
2552,conv5[0],642705,2
2553,fc1,29244389,1
2554,fc1,32968892,1
2555,fc3,3487,1
2556,conv3[0],57217,1
2557,conv3[0],37604,3
2558,conv5[0],171499,3
2559,fc2,3893120,3
2560,conv1[0],7233,2
2561,fc3,29999,3
2562,conv2[0],155245,0
2563,fc1,6279905,1
2564,conv5[0],189430,1
2565,conv5[0],590607,4
2566,conv4[0],1223787,0
2567,conv3[0],436646,0
2568,conv4[0],1044614,0
2569,fc1,1742291,2
2570,conv2[0],413316,2
2571,conv2[0],339254,1
2572,conv1[0],1328,3
2573,fc3,29756,2
2574,conv1[0],5397,0
2575,fc3,21293,4
2576,conv3[0],221634,0
2577,conv5[0],338869,0
2578,conv2[0],573734,4
2579,fc2,3105496,3
2580,conv5[0],186657,1
2581,fc2,2992663,0
2582,conv4[0],341711,3
2583,fc2,9560861,1
2584,conv2[0],313048,3
2585,fc2,10405273,4
2586,conv3[0],376485,0
2587,fc1,34403575,1
2588,fc3,29192,3
2589,fc3,17595,4
2590,fc2,3027359,3
2591,fc1,12506128,3
2592,fc2,3118799,0
2593,fc1,31106627,1
2594,conv3[0],519383,4
2595,conv2[0],304824,3
2596,fc2,2656944,3
2597,conv5[0],155825,1
2598,conv5[0],882416,1
2599,fc2,9914718,4
2600,conv1[0],9027,0
2601,conv1[0],8411,0
2602,fc2,13858631,0
2603,fc3,37255,2
2604,fc1,17103378,4
2605,conv2[0],527899,0
2606,conv2[0],485363,1
2607,conv3[0],883855,3
2608,conv1[0],1364,3
2609,conv5[0],329196,4
2610,fc3,29487,4
2611,conv5[0],357915,1
2612,conv4[0],388156,0
2613,conv5[0],706120,0
2614,fc2,601135,0
2615,fc2,3915072,0
2616,conv3[0],687657,3
2617,fc3,26548,4
2618,fc3,19844,4
2619,fc1,26507815,2
2620,conv2[0],131165,1
2621,conv1[0],3126,0
2622,conv1[0],11403,1
2623,conv1[0],3428,3
2624,conv3[0],681301,1
2625,fc2,6406026,0
2626,conv5[0],807111,3
2627,conv3[0],497013,3
2628,conv1[0],1908,1
2629,conv3[0],774668,3
2630,fc3,30899,0
2631,fc3,38353,1
2632,conv4[0],618306,4
2633,fc2,1708664,2
2634,conv1[0],1682,3
2635,fc2,16633039,4
2636,conv5[0],38815,3
2637,fc2,16310841,4
2638,fc3,15198,0
2639,conv1[0],6914,4
2640,fc1,37128360,0
2641,conv5[0],679792,3
2642,fc3,7663,3
2643,fc1,30086607,3
2644,conv1[0],2643,2
2645,conv4[0],984068,2
2646,fc3,15211,4
2647,conv4[0],1232409,2
2648,fc3,8595,2
2649,fc2,13987536,2
2650,fc3,10618,4
2651,conv4[0],592355,0
2652,fc3,8460,1
2653,conv4[0],327814,4
2654,fc3,6612,3
2655,fc3,19900,1
2656,conv4[0],1167758,0
2657,conv1[0],5878,2
2658,fc1,10643832,1
2659,conv1[0],1043,2
2660,fc2,3824174,4
2661,conv4[0],253101,4
2662,conv4[0],1019981,2
2663,fc1,23839818,0
2664,conv5[0],158522,4
2665,conv2[0],52871,3
2666,fc3,7269,0
2667,conv2[0],589795,0
2668,conv2[0],175160,0
2669,conv4[0],758410,1
2670,conv5[0],742563,3
2671,fc3,6507,1
2672,fc1,22455130,1
2673,conv2[0],211697,3
2674,fc2,221042,1
2675,fc3,22368,2
2676,conv3[0],89374,2
2677,fc1,27850756,2
2678,conv4[0],317951,4
2679,fc2,7656517,1
2680,fc2,13871718,3
2681,fc3,33826,2
2682,conv1[0],7251,1
2683,conv1[0],8476,0
2684,conv2[0],354737,2
2685,fc2,5513821,3
2686,conv1[0],6443,0
2687,conv3[0],602466,0
2688,conv5[0],439673,3
2689,conv5[0],756601,2
2690,fc1,530309,2
2691,conv3[0],734312,3
2692,fc3,13443,4
2693,fc3,22626,3
2694,conv4[0],632357,0
2695,conv1[0],8805,2
2696,fc2,4228047,4
2697,conv5[0],224116,0
2698,conv5[0],546660,2
2699,conv3[0],24559,0
2700,conv5[0],253063,2
2701,fc2,3705815,0
2702,fc1,17431960,4
2703,fc1,8308951,0
2704,conv2[0],470534,2
2705,conv1[0],7424,2
2706,conv4[0],1219690,4
2707,conv4[0],734710,2
2708,conv5[0],699318,4
2709,conv3[0],749051,3
2710,conv4[0],220676,2
2711,conv4[0],757632,3
2712,conv2[0],153672,3
2713,fc2,2749690,0
2714,conv1[0],6961,1
2715,fc3,14076,3
2716,conv2[0],387233,4
2717,fc2,13246701,2
2718,fc3,27749,3
2719,fc3,27323,1
2720,conv3[0],530354,1
2721,fc3,29996,1
2722,conv2[0],222971,3
2723,fc3,2136,1
2724,fc1,7970255,4
2725,fc2,3702267,0
2726,fc1,19434094,0
2727,conv3[0],123461,2
2728,conv5[0],392649,2
2729,conv5[0],509529,0
2730,conv3[0],149044,4
2731,fc2,1632458,2
2732,conv5[0],226053,1
2733,fc3,136,0
2734,fc1,4534179,0
2735,fc2,16145601,4
2736,conv5[0],593246,3
2737,fc1,25320552,3
2738,conv3[0],798963,1
2739,fc3,29486,3
2740,conv3[0],763220,2
2741,conv2[0],429526,3
2742,conv4[0],829207,2
2743,conv1[0],10984,3
2744,conv5[0],677292,0
2745,conv3[0],741561,0
2746,conv5[0],588297,0
2747,conv2[0],201774,4
2748,conv1[0],9342,4
2749,conv4[0],997899,4
2750,conv1[0],1970,4
2751,conv3[0],19895,2
2752,conv4[0],514403,4
2753,fc3,5547,4
2754,fc1,26964198,4
2755,conv1[0],8052,0
2756,fc1,29327742,1
2757,fc2,807216,4
2758,fc1,25636323,2
2759,conv2[0],120213,0
2760,conv3[0],299212,1
2761,conv3[0],267968,0
2762,conv3[0],321697,3
2763,conv3[0],61775,4
2764,fc1,12177429,0
2765,conv1[0],4882,3
2766,conv2[0],335587,1
2767,fc2,10878943,2
2768,fc2,4058954,0
2769,conv4[0],502525,4
2770,conv4[0],1033852,4
2771,fc2,3861490,2
2772,conv1[0],5215,3
2773,fc2,2196413,3
2774,conv1[0],6676,1
2775,conv1[0],4409,4
2776,conv2[0],258281,4
2777,conv3[0],319409,4
2778,fc2,14964681,0
2779,conv4[0],298565,2
2780,conv3[0],820011,1
2781,fc2,15157946,0
2782,conv1[0],7612,4
2783,conv5[0],684781,1
2784,conv1[0],985,3
2785,conv5[0],626909,2
2786,fc2,11791628,1
2787,conv5[0],47694,1
2788,conv2[0],315242,0
2789,fc2,4126422,1
2790,conv5[0],452945,1
2791,fc1,22993862,2
2792,fc3,17892,1
2793,fc1,22926388,1
2794,fc3,39289,2
2795,conv1[0],11335,1
2796,conv1[0],9974,3
2797,conv1[0],156,1
2798,fc2,16407335,3
2799,conv2[0],81288,4
2800,conv1[0],11003,3
2801,conv2[0],370141,3
2802,fc1,25954422,1
2803,conv1[0],2044,3
2804,fc1,12951397,3
2805,conv1[0],3629,0
2806,conv5[0],713612,2
2807,conv4[0],188673,4
2808,conv5[0],847684,1
2809,conv4[0],1035591,2
2810,conv1[0],4599,3
2811,conv4[0],14964,1
2812,fc2,3722747,2
2813,fc3,11172,4
2814,conv4[0],1186373,4
2815,conv3[0],68535,4
2816,conv3[0],782209,0
2817,conv3[0],272235,4
2818,conv4[0],1096978,2
2819,conv4[0],48480,4
2820,conv5[0],713745,4
2821,fc3,128,3
2822,conv1[0],5292,3
2823,fc2,9195108,0
2824,fc3,32477,2
2825,conv1[0],3678,0
2826,conv5[0],440467,4
2827,fc3,20725,0
2828,fc2,6529965,2
2829,conv2[0],599596,0
2830,conv4[0],888815,0
2831,conv4[0],412880,1
2832,fc1,20857828,0
2833,conv2[0],29226,3
2834,fc2,806095,4
2835,fc1,16804695,1
2836,conv2[0],496580,1
2837,fc1,3652927,2
2838,conv4[0],152905,4
2839,fc3,6269,3
2840,conv2[0],89689,0
2841,conv1[0],6183,2
2842,conv2[0],133730,0
2843,fc3,3590,2
2844,fc2,2207554,0
2845,conv1[0],9162,0
2846,conv5[0],399985,3
2847,conv2[0],431077,1
2848,conv1[0],7428,3
2849,fc3,28056,4
2850,conv2[0],356113,0
2851,fc3,33896,2
2852,conv4[0],226506,0
2853,conv1[0],9751,0
2854,conv4[0],1202112,1
2855,conv5[0],372654,3
2856,fc3,40688,3
2857,conv3[0],254963,1
2858,conv1[0],991,1
2859,conv5[0],612916,3
2860,fc1,20883489,4
2861,conv3[0],154569,3
2862,conv5[0],632636,2
2863,conv5[0],386746,0
2864,conv3[0],60101,1
2865,conv1[0],6915,2
2866,conv4[0],420210,1
2867,conv2[0],358143,1
2868,fc3,30631,4
2869,fc1,22525793,4
2870,conv5[0],439033,2
2871,conv3[0],109940,3
2872,conv1[0],8125,1
2873,conv1[0],10465,1
2874,conv4[0],978398,4
2875,conv4[0],501259,3
2876,fc1,25227014,1
2877,fc2,6182219,0
2878,fc1,663847,0
2879,fc1,2014446,4
2880,conv2[0],149319,2
2881,fc3,12740,4
2882,fc1,2946402,0
2883,conv4[0],414869,2
2884,conv3[0],229580,2
2885,conv3[0],356324,4
2886,conv4[0],374428,1
2887,conv1[0],2884,2
2888,conv2[0],22013,1
2889,fc2,3723502,2
2890,conv4[0],639783,3
2891,conv4[0],775192,2
2892,conv3[0],552522,4
2893,fc2,2193705,0
2894,conv3[0],137148,1
2895,conv4[0],1116848,3
2896,fc1,21337371,4
2897,fc2,8205724,0
2898,conv4[0],1122958,2
2899,conv3[0],343598,1
2900,conv1[0],10313,2
2901,conv3[0],532959,4
2902,fc3,13712,0
2903,fc3,40297,0
2904,conv3[0],533320,3
2905,fc1,33459659,4
2906,fc3,11730,2
2907,fc1,35264075,3
2908,fc3,31048,2
2909,fc2,1228242,1
2910,conv4[0],425722,3
2911,conv4[0],830262,1
2912,conv5[0],445668,3
2913,conv3[0],883353,2
